	summarized	lineages	abundances	resid	coverage
AY.75_10_BA.2.5_90	[('Omicron', 0.9073015619508078), ('Delta', 0.07520442395105123)]	BA.2.5 AY.75 AY.24	0.90730156 0.06080894 0.01439548	3.6751369368958233	99.19740494264789
AY.75_20_BA.2.5_80	[('Omicron', 0.8091712158118903), ('Delta', 0.16541620779363334)]	BA.2.5 AY.75 AY.24 BA.5	0.80799813 0.13591126 0.02950495 0.00117309	5.44563447647842	99.19740494264789
AY.75_2_BA.2.5_98	[('Omicron', 0.9834386984378418), ('Delta', 0.006133475970204829)]	BA.2.5 AY.75	0.98343870 0.00613348	3.291969000825503	99.19740494264789
AY.75_50_BA.2.5_50	[('Omicron', 0.5008289517810666), ('Delta', 0.4719100356341811)]	BA.2.5 AY.75 AY.61 B.1.617.2	0.50082895 0.38014046 0.07590421 0.01586537	9.045884723160164	99.19740494264789
AY.75_5_BA.2.5_95	[('Omicron', 0.9550593670232381), ('Delta', 0.027458838365860015)]	BA.2.5 AY.75 XAH AY.24	0.95076652 0.02373424 0.00429285 0.00372460	3.050805135638379	99.19740494264789
